{
  "properties": {
    "connectionReferences": {
      "shared_commondataserviceforapps": {
        "runtimeSource": "embedded",
        "connection": {
          "connectionReferenceLogicalName": "contoso_sharedcommondataserviceforapps_05f4c"
        },
        "api": {
          "name": "shared_commondataserviceforapps"
        }
      }
    },
    "definition": {
      "$schema": "https://schema.management.azure.com/providers/Microsoft.Logic/schemas/2016-06-01/workflowdefinition.json#",
      "contentVersion": "1.0.0.0",
      "parameters": {
        "$connections": {
          "defaultValue": {},
          "type": "Object"
        },
        "$authentication": {
          "defaultValue": {},
          "type": "SecureObject"
        }
      },
      "triggers": {
        "manual": {
          "metadata": {
            "operationMetadataId": "0ca16a32-9074-4a62-b43f-71213a903ff0"
          },
          "type": "Request",
          "kind": "Button",
          "inputs": {
            "schema": {
              "type": "object",
              "properties": {
                "number": {
                  "title": "Months",
                  "type": "number",
                  "x-ms-dynamically-added": true,
                  "description": "Enter the number of months",
                  "x-ms-content-hint": "NUMBER"
                }
              },
              "required": [
                "number"
              ]
            }
          }
        }
      },
      "actions": {
        "Outcomes": {
          "runAfter": {},
          "metadata": {
            "operationMetadataId": "34e17bbe-87f8-4422-b4ff-81dd26952b32"
          },
          "type": "OpenApiConnection",
          "inputs": {
            "host": {
              "connectionName": "shared_commondataserviceforapps",
              "operationId": "ListRecords",
              "apiId": "/providers/Microsoft.PowerApps/apis/shared_commondataserviceforapps"
            },
            "parameters": {
              "entityName": "contoso_outcomes",
              "fetchXml": "<fetch version=\"1.0\" output-format=\"xml-platform\" mapping=\"logical\" distinct=\"false\">\n  <entity name=\"contoso_outcome\">\n    <attribute name=\"contoso_outcomeid\" />\n    <filter type=\"and\">\n      <condition attribute=\"statecode\" operator=\"eq\" value=\"0\" />\n      <condition attribute=\"statuscode\" operator=\"in\">\n        <value>4</value>\n        <value>3</value>\n        <value>1</value>\n      </condition>\n      <condition attribute=\"contoso_estimatedcompletiondate\" operator=\"olderthan-x-months\" value=\"@{triggerBody()['number']}\" />\n    </filter>\n  </entity>\n</fetch>"
            },
            "authentication": {
              "type": "Raw",
              "value": "@json(decodeBase64(triggerOutputs().headers['X-MS-APIM-Tokens']))['$ConnectionKey']"
            }
          },
          "description": "Outcomes over X months after completion date that have not been Completed, Cancelled, or Rejected"
        },
        "Loop": {
          "foreach": "@outputs('Outcomes')?['body/value']",
          "actions": {
            "Deactivate_Outcome": {
              "runAfter": {},
              "metadata": {
                "operationMetadataId": "0cb4c0fe-6b35-42de-8205-ae069cf7429f"
              },
              "type": "OpenApiConnection",
              "inputs": {
                "host": {
                  "connectionName": "shared_commondataserviceforapps",
                  "operationId": "UpdateRecord",
                  "apiId": "/providers/Microsoft.PowerApps/apis/shared_commondataserviceforapps"
                },
                "parameters": {
                  "entityName": "contoso_outcomes",
                  "recordId": "@items('Loop')?['contoso_outcomeid']",
                  "item/statuscode": 2
                },
                "authentication": {
                  "type": "Raw",
                  "value": "@json(decodeBase64(triggerOutputs().headers['X-MS-APIM-Tokens']))['$ConnectionKey']"
                }
              },
              "description": "Set Status Reason to Cancelled"
            }
          },
          "runAfter": {
            "Outcomes": [
              "Succeeded"
            ]
          },
          "metadata": {
            "operationMetadataId": "6961791b-753a-4584-a79b-0e28c7da690c"
          },
          "type": "Foreach"
        },
        "Respond_to_flow": {
          "runAfter": {
            "Loop": [
              "Succeeded"
            ]
          },
          "metadata": {
            "operationMetadataId": "f5139935-aedf-4768-bc9d-48d8882a2c21"
          },
          "type": "Response",
          "kind": "PowerApp",
          "inputs": {
            "statusCode": 200,
            "body": {},
            "schema": {
              "type": "object",
              "properties": {}
            }
          }
        }
      },
      "outputs": {}
    },
    "templateName": null
  },
  "schemaVersion": "1.0.0.0"
}