{
  "properties": {
    "connectionReferences": {
      "shared_commondataserviceforapps": {
        "runtimeSource": "embedded",
        "connection": {
          "connectionReferenceLogicalName": "contoso_sharedcommondataserviceforapps_05f4c"
        },
        "api": {
          "name": "shared_commondataserviceforapps"
        }
      }
    },
    "definition": {
      "$schema": "https://schema.management.azure.com/providers/Microsoft.Logic/schemas/2016-06-01/workflowdefinition.json#",
      "contentVersion": "1.0.0.0",
      "parameters": {
        "$connections": {
          "defaultValue": {},
          "type": "Object"
        },
        "$authentication": {
          "defaultValue": {},
          "type": "SecureObject"
        }
      },
      "triggers": {
        "manual": {
          "metadata": {
            "operationMetadataId": "c3c24fa8-a7c2-44eb-ad79-c876fcf6f122"
          },
          "type": "Request",
          "kind": "Button",
          "inputs": {
            "schema": {
              "type": "object",
              "properties": {
                "number": {
                  "title": "Months",
                  "type": "number",
                  "x-ms-dynamically-added": true,
                  "description": "Enter the number of months",
                  "x-ms-content-hint": "NUMBER"
                }
              },
              "required": [
                "number"
              ]
            }
          }
        }
      },
      "actions": {
        "Milestones": {
          "runAfter": {},
          "metadata": {
            "operationMetadataId": "e500add2-7853-4e2c-bbbd-9ebdef93c866"
          },
          "type": "OpenApiConnection",
          "inputs": {
            "host": {
              "connectionName": "shared_commondataserviceforapps",
              "operationId": "ListRecords",
              "apiId": "/providers/Microsoft.PowerApps/apis/shared_commondataserviceforapps"
            },
            "parameters": {
              "entityName": "contoso_milestones",
              "fetchXml": "<fetch version=\"1.0\" output-format=\"xml-platform\" mapping=\"logical\" distinct=\"false\">\n  <entity name=\"contoso_milestone\">\n    <attribute name=\"contoso_milestoneid\" />\n    <filter type=\"and\">\n      <condition attribute=\"statecode\" operator=\"eq\" value=\"0\" />\n      <condition attribute=\"contoso_estimatedcompletiondate\" operator=\"olderthan-x-months\" value=\"@{triggerBody()['number']}\" />\n      <condition attribute=\"statuscode\" operator=\"not-in\">\n        <value>2</value>\n        <value>5</value>\n      </condition>\n    </filter>\n  </entity>\n</fetch>"
            },
            "authentication": {
              "type": "Raw",
              "value": "@json(decodeBase64(triggerOutputs().headers['X-MS-APIM-Tokens']))['$ConnectionKey']"
            }
          },
          "description": "Milestones over X months after completion date that have not been Completed or Cancelled"
        },
        "Loop": {
          "foreach": "@outputs('Milestones')?['body/value']",
          "actions": {
            "Deactivate_Milestone": {
              "runAfter": {},
              "metadata": {
                "operationMetadataId": "a5740be3-a3fd-4ef5-bef0-fe2c0d454985"
              },
              "type": "OpenApiConnection",
              "inputs": {
                "host": {
                  "connectionName": "shared_commondataserviceforapps",
                  "operationId": "UpdateRecord",
                  "apiId": "/providers/Microsoft.PowerApps/apis/shared_commondataserviceforapps"
                },
                "parameters": {
                  "entityName": "contoso_milestones",
                  "recordId": "@items('Loop')?['contoso_milestoneid']",
                  "item/statuscode": 2
                },
                "authentication": {
                  "type": "Raw",
                  "value": "@json(decodeBase64(triggerOutputs().headers['X-MS-APIM-Tokens']))['$ConnectionKey']"
                }
              },
              "description": " Set Status Reason to Cancelled"
            }
          },
          "runAfter": {
            "Milestones": [
              "Succeeded"
            ]
          },
          "metadata": {
            "operationMetadataId": "37a95cae-0a61-4471-af8e-47e504cfa479"
          },
          "type": "Foreach"
        },
        "Respond_to_flow": {
          "runAfter": {
            "Loop": [
              "Succeeded"
            ]
          },
          "metadata": {
            "operationMetadataId": "820c32cb-70a9-476a-9875-56b8087a040e"
          },
          "type": "Response",
          "kind": "PowerApp",
          "inputs": {
            "statusCode": 200,
            "body": {},
            "schema": {
              "type": "object",
              "properties": {}
            }
          }
        }
      }
    },
    "templateName": null
  },
  "schemaVersion": "1.0.0.0"
}