{
  "properties": {
    "connectionReferences": {
      "shared_commondataserviceforapps": {
        "runtimeSource": "embedded",
        "connection": {
          "connectionReferenceLogicalName": "contoso_sharedcommondataserviceforapps_05f4c"
        },
        "api": {
          "name": "shared_commondataserviceforapps"
        }
      },
      "shared_approvals": {
        "runtimeSource": "invoker",
        "connection": {
          "connectionReferenceLogicalName": "contoso_sharedapprovals_ea5ad"
        },
        "api": {
          "name": "shared_approvals"
        }
      }
    },
    "definition": {
      "$schema": "https://schema.management.azure.com/providers/Microsoft.Logic/schemas/2016-06-01/workflowdefinition.json#",
      "contentVersion": "1.0.0.0",
      "parameters": {
        "$connections": {
          "defaultValue": {},
          "type": "Object"
        },
        "$authentication": {
          "defaultValue": {},
          "type": "SecureObject"
        },
        "Outcome form link (contoso_outcomeformlink)": {
          "defaultValue": "https://org84b72dc9.crm.dynamics.com/main.aspx?pagetype=entityrecord&etn=contoso_outcome&id=",
          "type": "String",
          "metadata": {
            "schemaName": "contoso_outcomeformlink"
          }
        }
      },
      "triggers": {
        "manual": {
          "splitOn": "@triggerBody()['rows']",
          "metadata": {
            "operationMetadataId": "610614e6-b7c0-4c26-8647-193656436ea0"
          },
          "type": "Request",
          "kind": "ApiConnection",
          "inputs": {
            "schema": {
              "type": "object",
              "properties": {
                "rows": {
                  "type": "array",
                  "items": {
                    "type": "object",
                    "properties": {
                      "entity": {
                        "type": "object",
                        "properties": {
                          "entity": {
                            "type": "object",
                            "properties": {
                              "BPFInstanceId": {
                                "title": "BPF Instance Id",
                                "type": "string"
                              }
                            }
                          }
                        },
                        "required": [
                          "entity"
                        ]
                      }
                    },
                    "required": [
                      "entity"
                    ]
                  }
                }
              },
              "required": [
                "rows"
              ]
            },
            "host": {
              "connection": {
                "name": "@parameters('$connections')['shared_commondataserviceforapps']['connectionId']"
              }
            },
            "operationId": "FlowStepRun",
            "parameters": {}
          }
        }
      },
      "actions": {
        "Get_BPF_Record": {
          "runAfter": {},
          "metadata": {
            "operationMetadataId": "94c7233c-0b1d-4cb6-a43d-00edfa245b0c"
          },
          "type": "OpenApiConnection",
          "inputs": {
            "host": {
              "connectionName": "shared_commondataserviceforapps",
              "operationId": "GetItem",
              "apiId": "/providers/Microsoft.PowerApps/apis/shared_commondataserviceforapps"
            },
            "parameters": {
              "entityName": "contoso_outcomelifecycles",
              "recordId": "@triggerBody()?['entity']?['entity']?['BPFInstanceId']"
            },
            "authentication": {
              "type": "Raw",
              "value": "@json(decodeBase64(triggerOutputs().headers['X-MS-APIM-Tokens']))['$ConnectionKey']"
            }
          }
        },
        "Get_Outcome": {
          "runAfter": {
            "Get_BPF_Record": [
              "Succeeded"
            ]
          },
          "metadata": {
            "operationMetadataId": "351f794b-aa65-462b-b2e1-a8bddfffa3d6"
          },
          "type": "OpenApiConnection",
          "inputs": {
            "host": {
              "connectionName": "shared_commondataserviceforapps",
              "operationId": "GetItem",
              "apiId": "/providers/Microsoft.PowerApps/apis/shared_commondataserviceforapps"
            },
            "parameters": {
              "entityName": "contoso_outcomes",
              "recordId": "@outputs('Get_BPF_Record')?['body/_bpf_contoso_outcomeid_value']"
            },
            "authentication": {
              "type": "Raw",
              "value": "@json(decodeBase64(triggerOutputs().headers['X-MS-APIM-Tokens']))['$ConnectionKey']"
            }
          }
        },
        "Get_Approver": {
          "runAfter": {
            "Get_Outcome": [
              "Succeeded"
            ]
          },
          "metadata": {
            "operationMetadataId": "346db402-aa87-4b83-9ea8-417b556c429a"
          },
          "type": "OpenApiConnection",
          "inputs": {
            "host": {
              "connectionName": "shared_commondataserviceforapps",
              "operationId": "GetItem",
              "apiId": "/providers/Microsoft.PowerApps/apis/shared_commondataserviceforapps"
            },
            "parameters": {
              "entityName": "systemusers",
              "recordId": "@outputs('Get_Outcome')?['body/_contoso_approveruserid_value']"
            },
            "authentication": {
              "type": "Raw",
              "value": "@json(decodeBase64(triggerOutputs().headers['X-MS-APIM-Tokens']))['$ConnectionKey']"
            }
          }
        },
        "Start_and_wait_for_an_approval": {
          "runAfter": {
            "Get_Approver": [
              "Succeeded"
            ]
          },
          "metadata": {
            "operationMetadataId": "341efa00-b1f2-453f-b13c-284193185224"
          },
          "type": "OpenApiConnectionWebhook",
          "inputs": {
            "host": {
              "connectionName": "shared_approvals",
              "operationId": "StartAndWaitForAnApproval",
              "apiId": "/providers/Microsoft.PowerApps/apis/shared_approvals"
            },
            "parameters": {
              "approvalType": "Basic",
              "WebhookApprovalCreationInput/title": "Approval required for @{outputs('Get_Outcome')?['body/contoso_targetaim']} outcome",
              "WebhookApprovalCreationInput/assignedTo": "@{outputs('Get_Approver')?['body/internalemailaddress']};",
              "WebhookApprovalCreationInput/details": "Outcome: @{outputs('Get_Outcome')?['body/contoso_outcometitle']}\nGoal:@{outputs('Get_Outcome')?['body/contoso_goal']}\n\n",
              "WebhookApprovalCreationInput/itemLink": "@{parameters('Outcome form link (contoso_outcomeformlink)')}@{outputs('Get_Outcome')?['body/contoso_outcomeid']}",
              "WebhookApprovalCreationInput/itemLinkDescription": "@outputs('Get_Outcome')?['body/contoso_outcomecode']",
              "WebhookApprovalCreationInput/enableNotifications": true,
              "WebhookApprovalCreationInput/enableReassignment": true
            },
            "authentication": {
              "type": "Raw",
              "value": "@json(decodeBase64(triggerOutputs().headers['X-MS-APIM-Tokens']))['$ConnectionKey']"
            }
          }
        },
        "Check_Approval_Response": {
          "actions": {
            "Set_Outcome_to_approved": {
              "runAfter": {},
              "metadata": {
                "operationMetadataId": "bddc1e97-aa25-4295-8f6b-82899d622c44"
              },
              "type": "OpenApiConnection",
              "inputs": {
                "host": {
                  "connectionName": "shared_commondataserviceforapps",
                  "operationId": "UpdateRecord",
                  "apiId": "/providers/Microsoft.PowerApps/apis/shared_commondataserviceforapps"
                },
                "parameters": {
                  "entityName": "contoso_outcomes",
                  "recordId": "@outputs('Get_Outcome')?['body/contoso_outcomeid']",
                  "item/contoso_approved": true
                },
                "authentication": {
                  "type": "Raw",
                  "value": "@json(decodeBase64(triggerOutputs().headers['X-MS-APIM-Tokens']))['$ConnectionKey']"
                }
              }
            }
          },
          "runAfter": {
            "Start_and_wait_for_an_approval": [
              "Succeeded"
            ]
          },
          "expression": {
            "equals": [
              "@outputs('Start_and_wait_for_an_approval')?['body/outcome']",
              "Approve"
            ]
          },
          "metadata": {
            "operationMetadataId": "ebd0df8f-f6c3-4189-8d85-ff5552014343"
          },
          "type": "If"
        }
      }
    },
    "templateName": null
  },
  "schemaVersion": "1.0.0.0"
}